Term,num Df,den Df,MSE,F,ges,Pr(>F)
Agent,1,169,512.3417020422929,512.848973176086,0.6281436873486818,4.551400455164161e-53
Correctness,1,169,132.39630013350845,510.7945070890618,0.30302278819921485,5.876228701522396e-53
Agent:Correctness,1,169,132.39630013350845,263.30762232214903,0.18308432170112968,2.6627525557512412e-36
Cond,1.7112320918337234,289.1982235198993,102.88517601517397,86.18334441503801,0.08887836705101813,6.802424414730073e-27
Agent:Cond,1.7112320918337234,289.1982235198993,102.88517601517397,25.769060262341196,0.02834059761367467,7.17321323468574e-10
Correctness:Cond,1.7980217765020925,303.86568022885365,55.39749866974499,95.0049300910506,0.05734787634614553,2.298673628391497e-30
Agent:Correctness:Cond,1.7980217765020925,303.86568022885365,55.39749866974499,25.687984047323706,0.016183185448676717,3.1679160461562237e-10
